이름,Issued,Tags
iBar calculation in hyperDENT,2025년 6월 19일 오전 11:30,Tutorials
Abutment Milling by Premill + Rev. jig,2025년 6월 19일 오전 11:30,Tutorials
"Calculating Inlay/Onlay in hyperDENT ",2025년 7월 29일 오후 6:21,Tutorials
"Calculating Veneer in hyperDENT. ",2025년 8월 12일 오후 6:41,
Denture base/teeth in hyperDENT,2025년 11월 21일 오후 5:19,
How to defined the User defined area(사용자 정의 영역 설정 방법),2025년 12월 30일 오후 3:48,How to
How to mill long-over 15mm- screw channel(15mm 이상의 긴 스크류 채널 가공하는 법),2026년 1월 14일 오후 2:06,
Connector settings (커넥터 설정),2026년 1월 21일 오후 4:06,
"Calculating Overstructure in hyperDENT ",2026년 2월 9일 오후 4:31,
Calculating custom abutment in hyperDENT(using interface),2026년 2월 10일 오후 4:16,
The process of the Monolithic denture milling,2026년 3월 10일 오후 3:57,Tutorials